2026-09-29 19:33:10.583621,5.2031,5.2043
2026-09-29 19:33:26.420995,5.2031,5.2043
2026-09-29 19:33:27.780554,5.2031,5.2043
2026-09-29 19:33:29.142655,5.2031,5.2043
2026-09-29 19:33:30.433534,5.2031,5.2043
2026-09-29 19:35:16.859373,5.2031,5.2043
2026-09-29 19:36:39.390035,5.2031,5.2043
2026-09-29 19:36:41.632932,5.2031,5.2043
2026-09-29 19:36:53.123841,5.2031,5.2043
2026-09-29 19:37:15.647422,5.2031,5.2043
2026-09-29 19:37:17.401292,5.2031,5.2043
2026-09-29 19:37:19.708402,5.2031,5.2043
2026-09-29 19:37:22.537123,5.2031,5.2043
